country,continent,rank,area,landAreaKm,cca2,cca3,netChange,growthRate,worldPercentage,density,densityMi,place,pop1980,pop2000,pop2010,pop2022,pop2023,pop2030,pop2050,Agricultural Land( %),Birth Rate,CPI,CPI Change (%),Fertility Rate,Forested Area (%),Gasoline Price,GDP,Gross primary education enrollment (%),Gross tertiary education enrollment (%),Infant mortality,Life expectancy,Maternal mortality ratio,Minimum wage,Out of pocket health expenditure,Physicians per thousand,Population: Labor force participation (%),Tax revenue (%),Total tax rate,Unemployment rate,Urban_population
India,Asia,1,3287590.0,2973190.0,IN,IND,0.4184,0.0081,0.1785,480.5033,1244.5036,356,696828385,1059633675,1240613620,1417173173,1428627663,1514994080,1670490596,60.40%,17.86,180.44,7.70%,2.22,23.80%,$0.97 ,"$2,611,000,000,000 ",113.00%,28.10%,29.9,69.4,145.0,$0.30 ,65.10%,0.86,49.30%,11.20%,49.70%,5.36%,"471,031,528"
China,Asia,2,9706961.0,9424702.9,CN,CHN,-0.0113,-0.0002,0.1781,151.2696,391.7884,156,982372466,1264099069,1348191368,1425887337,1425671352,1415605906,1312636325,56.20%,10.9,125.08,2.90%,1.69,22.40%,$0.96 ,"$19,910,000,000,000 ",100.20%,50.60%,7.4,77.0,29.0,$0.87 ,32.40%,1.98,68.00%,9.40%,59.20%,4.32%,"842,933,962"
United States,North America,3,9372610.0,9147420.0,US,USA,0.0581,0.005,0.0425,37.1686,96.2666,840,223140018,282398554,311182845,338289857,339996563,352162301,375391963,44.40%,11.6,117.24,7.50%,1.73,33.90%,$0.71 ,"$21,427,700,000,000 ",101.80%,88.20%,5.6,78.5,19.0,$7.25 ,11.10%,2.61,62.00%,9.60%,36.60%,14.70%,"270,663,028"
Indonesia,Asia,4,1904569.0,1877519.0,ID,IDN,0.0727,0.0074,0.0347,147.8196,382.8528,360,148177096,214072421,244016173,275501339,277534122,292150100,317225213,31.50%,18.07,151.18,3.00%,2.31,49.90%,$0.63 ,"$1,119,190,780,753 ",106.40%,36.30%,21.1,71.5,177.0,$0.48 ,48.30%,0.43,67.50%,10.20%,30.10%,4.69%,"151,509,724"
Pakistan,Asia,5,881912.0,770880.0,PK,PAK,0.1495,0.0198,0.03,311.9625,807.9829,586,80624057,154369924,194454498,235824862,240485658,274029836,367808468,47.80%,28.25,182.32,10.60%,3.51,1.90%,$0.79 ,"$304,400,000,000 ",94.30%,9.00%,57.2,67.1,140.0,$0.69 ,66.50%,0.98,52.60%,9.20%,33.90%,4.45%,"79,927,762"
Nigeria,Africa,6,923768.0,910770.0,NG,NGA,0.168,0.0241,0.028,245.7312,636.4439,566,72951439,122851984,160952853,218541212,223804632,262580426,377459883,77.70%,37.91,267.51,11.40%,5.39,7.20%,$0.46 ,"$448,120,428,859 ",84.70%,10.20%,75.7,54.3,917.0,$0.54 ,72.20%,0.38,52.90%,1.50%,34.80%,8.10%,"102,806,948"
Brazil,South America,7,8515767.0,8358140.0,BR,BRA,0.0393,0.0052,0.027,25.8936,67.0645,76,122288383,175873720,196353492,215313498,216422446,223908968,230885725,33.90%,13.92,167.4,3.70%,1.73,58.90%,$1.02 ,"$1,839,758,040,766 ",115.40%,51.30%,12.8,75.7,60.0,$1.53 ,28.30%,2.15,63.90%,14.20%,65.10%,12.08%,"183,241,641"
Bangladesh,Asia,8,147570.0,130170.0,BD,BGD,0.0557,0.0103,0.0216,1328.6803,3441.2821,50,83929765,129193327,148391139,171186372,172954319,184424144,203904900,70.60%,18.18,179.68,5.60%,2.04,11.00%,$1.12 ,"$302,571,254,131 ",116.50%,20.60%,25.1,72.3,173.0,$0.51 ,71.80%,0.58,59.00%,8.80%,33.40%,4.19%,"60,987,417"
Russia,Europe,9,17098242.0,16376870.0,RU,RUS,-0.0158,-0.0019,0.018,8.82,22.8439,643,138257420,146844839,143242599,144713314,144444359,141432741,133133035,13.30%,11.5,180.75,4.50%,1.57,49.80%,$0.59 ,"$1,699,876,578,871 ",102.60%,81.90%,6.1,72.7,17.0,$0.53 ,36.40%,4.01,61.80%,11.40%,46.20%,4.59%,"107,683,889"
Mexico,North America,10,1964375.0,1943950.0,MX,MEX,0.0299,0.0075,0.016,66.0797,171.1463,484,67705186,97873442,112532401,127504125,128455567,134534107,143772364,54.60%,17.6,141.54,3.60%,2.13,33.90%,$0.73 ,"$1,258,286,717,125 ",105.80%,40.20%,11.0,75.0,33.0,$0.49 ,41.40%,2.38,60.70%,13.10%,55.10%,3.42%,"102,626,859"
Ethiopia,Africa,11,1104300.0,1128571.3,ET,ETH,0.1008,0.0255,0.0158,112.1126,290.3716,231,34945469,67031867,89237791,123379924,126527060,149296378,214812309,36.30%,32.34,143.86,15.80%,4.25,12.50%,$0.75 ,"$96,107,662,398 ",101.00%,8.10%,39.1,66.2,401.0,,37.80%,0.08,79.60%,7.50%,37.70%,2.08%,"23,788,710"
Japan,Asia,12,377930.0,364500.0,JP,JPN,-0.0209,-0.0053,0.0154,338.2566,876.0845,392,117624196,126803861,128105431,123951692,123294513,118514802,103784357,12.30%,7.4,105.48,0.50%,1.42,68.50%,$1.06 ,"$5,081,769,542,380 ",98.80%,63.20%,1.8,84.2,5.0,$6.77 ,13.10%,2.41,61.70%,11.90%,46.70%,2.29%,"115,782,416"
Philippines,Asia,13,342353.0,298170.0,PH,PHL,0.0561,0.0154,0.0147,393.5251,1019.2299,608,48419546,77958223,94636700,115559009,117337368,129453321,157891622,41.70%,20.55,129.61,2.50%,2.58,27.80%,$0.86 ,"$376,795,508,680 ",107.50%,35.50%,22.5,71.1,121.0,$1.12 ,53.50%,0.6,59.60%,14.00%,43.10%,2.15%,"50,975,903"
Egypt,Africa,14,1002450.0,995450.0,EG,EGY,0.0551,0.0156,0.0141,113.2318,293.2704,818,43748556,71371371,87252413,110990103,112716598,125151725,160339889,3.80%,26.38,288.57,9.20%,3.33,0.10%,$0.40 ,"$303,175,127,598 ",106.30%,35.20%,18.1,71.8,37.0,,62.00%,0.45,46.40%,12.50%,44.40%,10.76%,"42,895,824"
DR Congo,Africa,15,2344858.0,2267050.0,CD,COD,0.105,0.0329,0.0128,45.1083,116.8305,180,26708686,48616317,66391257,99010212,102262808,127582053,217494003,11.60%,41.18,133.85,2.90%,5.92,67.20%,$1.49 ,"$47,319,624,204 ",108.00%,6.60%,68.2,60.4,473.0,$0.18 ,37.40%,0.07,63.50%,10.70%,50.70%,4.24%,"39,095,679"
Vietnam,Asia,16,331212.0,313429.0,VN,VNM,0.0208,0.0068,0.0123,315.411,816.9145,704,52968270,79001142,87411012,98186856,98858950,102699905,107012939,39.30%,16.75,163.52,2.80%,2.05,48.10%,$0.80 ,"$261,921,244,843 ",110.60%,28.50%,16.5,75.3,43.0,$0.73 ,43.50%,0.82,77.40%,19.10%,37.60%,2.01%,"35,332,140"
Iran,Asia,17,1648195.0,1622500.0,IR,IRN,0.0208,0.007,0.0111,54.9601,142.3467,364,38520664,65544383,75373855,88550570,89172767,92921017,99007204,28.20%,18.78,550.93,39.90%,2.14,6.60%,$0.40 ,"$445,345,282,123 ",110.70%,68.10%,12.4,76.5,16.0,$1.58 ,39.70%,1.58,44.70%,7.40%,44.70%,11.38%,"62,509,623"
Turkey,Asia,18,783562.0,783562.0,TR,TUR,0.0143,0.0056,0.0107,109.5206,283.6584,792,44089069,64113547,73195345,85341241,85816199,88879698,95829258,49.80%,16.03,234.44,15.20%,2.07,15.40%,$1.42 ,"$754,411,708,203 ",93.20%,23.90%,9.1,77.4,17.0,$3.45 ,16.90%,1.85,52.80%,17.90%,42.30%,13.49%,"63,097,818"
Germany,Europe,19,357114.0,349390.0,DE,DEU,-0.0012,-0.0009,0.0104,238.4002,617.4564,276,77786703,81551677,81325090,83369843,83294633,82762675,78932228,47.70%,9.5,112.85,1.40%,1.56,32.70%,$1.39 ,"$3,845,630,030,824 ",104.00%,70.20%,3.1,80.9,7.0,$9.99 ,12.50%,4.25,60.80%,11.50%,48.80%,3.04%,"64,324,835"
Thailand,Asia,20,513120.0,510890.0,TH,THA,0.003,0.0015,0.009,140.5416,364.0026,764,45737753,63066603,68270489,71697030,71801279,72060018,67880083,43.30%,10.34,113.27,0.70%,1.53,32.20%,$0.71 ,"$543,649,976,166 ",99.80%,49.30%,7.8,76.9,37.0,$1.06 ,11.80%,0.81,67.30%,14.90%,29.50%,0.75%,"35,294,600"
United Kingdom,Europe,21,242900.0,241930.0,GB,GBR,0.0072,0.0034,0.0085,279.9851,725.1615,826,56326328,58850043,62760039,67508936,67736802,69175770,71684966,71.70%,11.0,119.62,1.70%,1.68,13.10%,$1.46 ,"$2,827,113,184,696 ",101.20%,60.00%,3.6,81.3,7.0,$10.13 ,14.80%,2.81,62.80%,25.50%,30.60%,3.85%,"55,908,316"
Tanzania,Africa,22,945087.0,885800.0,TZ,TZA,0.0622,0.0296,0.0084,76.1324,197.183,834,19297659,34463704,45110527,65497748,67438106,81885304,129931520,44.80%,36.7,187.43,3.50%,4.89,51.60%,$0.87 ,"$63,177,068,175 ",94.20%,4.00%,37.6,65.0,524.0,$0.09 ,26.10%,0.01,83.40%,11.50%,43.80%,1.98%,"20,011,885"
France,Europe,23,551695.0,547557.0,FR,FRA,0.004,0.002,0.0081,118.2646,306.3052,250,53713830,58665453,62444567,64626628,64756584,65543452,65827072,52.40%,11.3,110.05,1.10%,1.88,31.20%,$1.39 ,"$2,715,518,274,227 ",102.50%,65.60%,3.4,82.5,8.0,$11.16 ,6.80%,3.27,55.10%,24.20%,60.70%,8.43%,"54,123,364"
South Africa,Africa,24,1221037.0,1213090.0,ZA,ZAF,0.0173,0.0087,0.0075,49.8022,128.9876,710,29463549,46813266,51784921,59893885,60414495,64659278,73529753,79.80%,20.51,158.93,4.10%,2.41,7.60%,$0.92 ,"$351,431,649,241 ",100.90%,22.40%,28.5,63.9,119.0,,7.70%,0.91,56.00%,27.50%,29.20%,28.18%,"39,149,717"
Italy,Europe,25,301336.0,295717.0,IT,ITA,-0.0054,-0.0028,0.0074,199.078,515.6121,380,56329482,56966397,59822450,59037474,58870762,57544258,52250484,43.20%,7.3,110.62,0.60%,1.29,31.80%,$1.61 ,"$2,001,244,392,042 ",101.90%,61.90%,2.6,82.9,2.0,,22.80%,3.98,49.60%,24.30%,59.10%,9.89%,"42,651,966"
Kenya,Africa,26,580367.0,569140.0,KE,KEN,0.0346,0.0199,0.0069,96.8138,250.7477,404,16187124,30851606,41517895,54027487,55100586,63103942,85211739,48.50%,28.75,180.51,4.70%,3.49,7.80%,$0.95 ,"$95,503,088,538 ",103.20%,11.50%,30.6,66.3,342.0,$0.25 ,33.40%,0.16,74.70%,15.10%,37.20%,2.64%,"14,461,523"
Myanmar,Asia,27,676578.0,652670.0,MM,MMR,0.0125,0.0074,0.0068,83.6227,216.5827,104,33465781,45538332,49390988,54179306,54577997,56987625,59929399,19.50%,17.55,168.18,8.80%,2.15,43.60%,$0.54 ,"$76,085,852,617 ",112.30%,18.80%,36.8,66.9,250.0,$0.39 ,73.90%,0.68,61.70%,5.40%,31.20%,1.58%,"16,674,093"
Colombia,South America,28,1141748.0,1109500.0,CO,COL,0.008,0.0041,0.0065,46.9447,121.5868,170,26176195,39215135,44816108,51874024,52085168,54129764,56987651,40.30%,14.88,140.95,3.50%,1.81,52.70%,$0.68 ,"$323,802,808,108 ",114.50%,55.30%,12.2,77.1,83.0,$1.23 ,18.30%,2.18,68.80%,14.40%,71.20%,9.71%,"40,827,302"
South Korea,Asia,29,100210.0,97600.0,KR,KOR,-0.0012,-0.0006,0.0065,530.5744,1374.1876,410,38170501,46788591,48813042,51815810,51784059,51290214,45770874,17.40%,6.4,115.16,0.40%,0.98,63.40%,$1.22 ,"$2,029,000,000,000 ",98.10%,94.30%,2.7,82.6,11.0,$6.49 ,36.80%,2.36,63.00%,15.60%,33.20%,4.15%,"42,106,719"
Uganda,Africa,30,241550.0,200520.0,UG,UGA,0.0423,0.0282,0.0061,242.2817,627.5097,800,13284026,24020697,32341728,47249585,48582334,58380262,87622081,71.90%,38.14,173.87,2.90%,4.96,9.70%,$0.94 ,"$34,387,229,486 ",102.70%,4.80%,33.8,63.0,375.0,$0.01 ,40.50%,0.17,70.30%,11.70%,33.70%,1.84%,"10,784,516"
Sudan,Africa,31,1886068.0,1868000.0,SD,SDN,0.0394,0.0263,0.006,25.7543,66.7036,729,16673586,26298773,33739933,46874204,48109006,56997099,84494269,28.70%,32.18,"1,344.19",51.00%,4.41,8.10%,$0.95 ,"$18,902,284,476 ",76.80%,16.90%,42.1,65.1,295.0,$0.41 ,63.20%,0.26,48.40%,8.00%,45.40%,16.53%,"14,957,233"
Spain,Europe,32,505992.0,499556.6,ES,ESP,-0.0014,-0.0008,0.0059,95.1236,246.3702,724,37491666,40741651,46572772,47558630,47519628,47076573,44219565,52.60%,7.9,110.96,0.70%,1.26,36.90%,$1.26 ,"$1,394,116,310,769 ",102.70%,88.90%,2.5,83.3,4.0,$5.60 ,24.20%,3.87,57.50%,14.20%,47.00%,13.96%,"37,927,409"
Argentina,South America,33,2780400.0,2736690.0,AR,ARG,0.0091,0.0058,0.0057,16.726,43.3203,32,28024803,37070774,41100123,45510318,45773884,47678560,51621175,54.30%,17.02,232.75,53.50%,2.26,9.80%,$1.10 ,"$449,663,446,954 ",109.70%,90.00%,8.8,76.5,39.0,$3.35 ,17.60%,3.96,61.30%,10.10%,106.30%,9.79%,"41,339,571"
Algeria,Africa,34,2381741.0,2381741.0,DZ,DZA,0.0218,0.0157,0.0057,19.1484,49.5943,12,18739378,30774621,35856344,44903225,45606480,49787283,60001113,17.40%,24.28,151.36,2.00%,3.02,0.80%,$0.28 ,"$169,988,236,398 ",109.90%,51.40%,20.1,76.7,112.0,$0.95 ,28.10%,1.72,41.20%,37.20%,66.10%,11.70%,"31,510,100"
Iraq,Asia,35,438317.0,434128.0,IQ,IRQ,0.0322,0.0227,0.0057,104.8183,271.4794,368,13653369,24628858,31264875,44496122,45504560,52800825,74515140,21.40%,29.08,119.86,0.40%,3.67,1.90%,$0.61 ,"$234,094,042,939 ",108.70%,16.20%,22.5,70.5,79.0,$1.24 ,76.50%,0.71,43.00%,2.00%,30.80%,12.82%,"27,783,368"
Afghanistan,Asia,36,652230.0,652230.0,AF,AFG,0.0357,0.027,0.0053,64.7622,167.7341,4,12486631,19542982,28189672,41128771,42239854,50330837,74075234,58.10%,32.49,149.9,2.30%,4.47,2.10%,$0.70 ,"$19,101,353,833 ",104.00%,9.70%,47.9,64.5,638.0,$0.43 ,78.40%,0.28,48.90%,9.30%,71.40%,11.12%,"9,797,273"
Poland,Europe,37,312679.0,306130.0,PL,POL,-0.0286,0.0293,0.0051,134.0152,347.0993,616,35521429,38504431,38597353,39857145,41026067,38700518,34932339,46.90%,10.2,114.11,2.20%,1.46,30.90%,$1.07 ,"$592,164,400,688 ",100.00%,67.80%,3.8,77.6,2.0,$2.93 ,23.20%,2.38,56.70%,17.40%,40.80%,3.47%,"22,796,574"
Canada,North America,38,9984670.0,8965590.0,CA,CAN,0.0104,0.0085,0.0048,4.3256,11.2032,124,24511510,30683313,33963412,38454327,38781291,41008596,45890819,6.90%,10.1,116.76,1.90%,1.5,38.20%,$0.81 ,"$1,736,425,629,520 ",100.90%,68.90%,4.3,81.9,10.0,$9.51 ,14.60%,2.61,65.10%,12.80%,24.50%,5.56%,"30,628,482"
Morocco,Africa,39,446550.0,446300.0,MA,MAR,0.012,0.0102,0.0047,84.7861,219.596,504,19678444,28554415,32464865,37457971,37840044,40226395,45044990,68.50%,18.94,111.07,0.20%,2.42,12.60%,$0.99 ,"$118,725,279,596 ",113.90%,35.90%,19.2,76.5,70.0,$1.60 ,53.10%,0.73,45.30%,21.90%,45.80%,9.02%,"22,975,026"
Saudi Arabia,Asia,40,2149690.0,2149690.0,SA,SAU,0.0169,0.0148,0.0046,17.1871,44.5147,682,10171710,21547390,29411929,36408820,36947025,40461368,48374543,80.80%,17.8,118.4,-1.20%,2.32,0.50%,$0.24 ,"$792,966,838,162 ",99.80%,68.00%,6.0,75.0,17.0,$3.85 ,15.00%,2.61,55.90%,8.90%,15.70%,5.93%,"28,807,838"
Ukraine,Europe,41,603500.0,579400.0,UA,UKR,0.0428,-0.0745,0.0046,63.4184,164.2537,804,49973920,48879755,45683020,39701739,36744634,38295429,32867719,71.70%,8.7,281.66,7.90%,1.3,16.70%,$0.83 ,"$153,781,069,118 ",99.00%,82.70%,7.5,71.6,19.0,$0.84 ,47.80%,2.99,54.20%,20.10%,45.20%,8.88%,"30,835,699"
Angola,Africa,42,1246700.0,1246700.0,AO,AGO,0.0352,0.0308,0.0046,29.425,76.2109,24,8330047,16394062,23364185,35588987,36684202,44911664,72328068,47.50%,40.73,261.73,17.10%,5.52,46.30%,$0.97 ,"$94,635,415,870 ",113.50%,9.30%,51.6,60.8,241.0,$0.71 ,33.40%,0.21,77.50%,9.20%,49.10%,6.89%,"21,061,025"
Uzbekistan,Asia,43,447400.0,440650.0,UZ,UZB,0.0166,0.0155,0.0044,79.8002,206.6824,860,15947129,24925554,28614227,34627652,35163944,38313228,45593149,62.90%,23.3,,,2.42,7.50%,$1.03 ,"$57,921,286,440 ",104.20%,10.10%,19.1,71.6,29.0,$0.24 ,42.70%,2.37,65.10%,14.80%,31.60%,5.92%,"16,935,729"
Yemen,Asia,44,527968.0,527970.0,YE,YEM,0.024,0.0224,0.0043,65.2496,168.9964,887,9204938,18628700,24743946,33696614,34449825,39923245,55296331,44.60%,30.45,157.58,8.10%,3.79,1.00%,$0.92 ,"$26,914,402,224 ",93.60%,10.20%,42.9,66.1,164.0,,81.00%,0.31,38.00%,,26.60%,12.91%,"10,869,523"
Peru,South America,45,1285216.0,1280000.0,PE,PER,0.0105,0.0089,0.0043,26.8381,69.5106,604,17492406,26654439,29229572,34049588,34352719,36702393,42022554,18.50%,17.95,129.78,2.10%,2.25,57.70%,$0.99 ,"$226,848,050,820 ",106.90%,70.70%,11.1,76.5,88.0,$1.28 ,30.90%,1.27,77.60%,14.30%,36.80%,3.31%,"25,390,339"
Malaysia,Asia,46,330803.0,328550.0,MY,MYS,0.0116,0.0109,0.0043,104.4241,270.4583,458,13215707,22945150,28717731,33938221,34308525,36687569,41032433,26.30%,16.75,121.46,0.70%,2.0,67.60%,$0.45 ,"$364,701,517,788 ",105.30%,45.10%,6.7,76.0,29.0,$0.93 ,36.70%,1.51,64.30%,12.00%,38.70%,3.32%,"24,475,766"
Ghana,Africa,47,238533.0,227533.0,GH,GHA,0.0206,0.0193,0.0043,149.965,388.4093,288,11865246,19665502,25574719,33475870,34121985,38775850,52231785,69.00%,29.41,268.36,7.20%,3.87,41.20%,$0.92 ,"$66,983,634,224 ",104.80%,15.70%,34.9,63.8,308.0,$0.27 ,36.10%,0.14,67.80%,12.60%,55.40%,4.33%,"17,249,054"
Mozambique,Africa,48,801590.0,786380.0,MZ,MOZ,0.0302,0.0281,0.0042,43.1056,111.6434,508,11413587,17768505,23073723,32969518,33897354,40920707,63044497,63.50%,37.52,182.31,2.80%,4.85,48.00%,$0.65 ,"$14,934,159,926 ",112.60%,7.30%,54.0,60.2,289.0,$0.27 ,6.80%,0.08,78.10%,0.00%,36.10%,3.24%,"11,092,106"
Nepal,Asia,49,147181.0,143350.0,NP,NPL,0.011,0.0114,0.0039,215.5325,558.2293,524,15600442,24559500,27161567,30547580,30896590,33133395,37401365,28.70%,19.89,188.73,5.60%,1.92,25.40%,$0.91 ,"$30,641,380,604 ",142.10%,12.40%,26.7,70.5,186.0,$0.36 ,60.40%,0.75,83.80%,20.70%,41.80%,1.41%,"5,765,513"
Madagascar,Africa,50,587041.0,581800.0,MG,MDG,0.023,0.0241,0.0038,52.124,135.0011,450,8948162,16216431,21731053,29611714,30325732,35604443,51592965,71.20%,32.66,184.33,5.60%,4.08,21.40%,$1.11 ,"$14,083,906,357 ",142.50%,5.40%,38.2,66.7,335.0,$0.21 ,21.70%,0.18,86.10%,10.20%,38.30%,1.76%,"10,210,849"
Ivory Coast,Africa,51,322463.0,318000.0,CI,CIV,0.023,0.0253,0.0036,90.7957,235.1609,384,8303810,16799670,21120042,28160542,28873034,34211272,51358243,64.80%,35.74,111.61,-0.90%,4.65,32.70%,$0.93 ,"$58,792,205,642 ",99.80%,9.30%,59.4,57.4,617.0,$0.36 ,36.00%,0.23,57.00%,11.80%,50.10%,3.32%,"13,176,900"
Venezuela,South America,52,916445.0,882050.0,VE,VEN,0.0179,0.019,0.0036,32.6949,84.6797,862,15210443,24427729,28715022,28301696,28838499,32027461,35937404,24.50%,17.88,"2,740.27",254.90%,2.27,52.70%,$0.00 ,"$482,359,318,768 ",97.20%,79.30%,21.4,72.1,125.0,$0.01 ,45.80%,1.92,59.70%,,73.30%,8.80%,"25,162,368"
Cameroon,Africa,53,475442.0,472710.0,CM,CMR,0.0235,0.0263,0.0036,60.6023,156.9598,120,8519891,15091594,19878036,27914536,28647293,34051103,51279560,20.60%,35.39,118.65,2.50%,4.57,39.30%,$1.03 ,"$38,760,467,033 ",103.40%,12.80%,50.6,58.9,529.0,$0.35 ,69.70%,0.09,76.10%,12.80%,57.70%,3.38%,"14,741,256"
Niger,Africa,54,1267000.0,1266700.0,NE,NER,0.0321,0.038,0.0034,21.4754,55.6212,562,6173177,11622665,16647543,26207977,27202843,35217942,67043296,36.10%,46.08,109.32,-2.50%,6.91,0.90%,$0.88 ,"$12,928,145,120 ",74.70%,4.40%,48.0,62.0,509.0,$0.29 ,52.30%,0.04,72.00%,11.80%,47.20%,0.47%,"3,850,231"
Australia,Oceania,55,7692024.0,7692020.0,AU,AUS,0.0083,0.01,0.0033,3.4372,8.9024,36,14706322,19017963,22019168,26177413,26439111,28202414,32192919,48.20%,12.6,119.8,1.60%,1.74,16.30%,$0.93 ,"$1,392,680,589,329 ",100.30%,113.10%,3.1,82.7,6.0,$13.59 ,19.60%,3.68,65.50%,23.00%,47.40%,5.27%,"21,844,756"
North Korea,Asia,56,120538.0,120410.0,KP,PRK,0.0028,0.0035,0.0033,217.2645,562.7151,408,17973650,23367059,24686435,26069416,26160821,26569401,25807197,21.80%,13.89,,,1.9,40.70%,$0.58 ,"$32,100,000,000 ",112.80%,27.00%,13.7,72.1,89.0,,,3.67,80.40%,,,2.74%,"15,947,412"
Mali,Africa,58,1240192.0,1220190.0,ML,MLI,0.0225,0.031,0.0029,19.0902,49.4437,466,7372581,11239101,15529181,22593590,23293698,28712294,47439802,33.80%,41.54,108.73,-1.70%,5.88,3.80%,$1.12 ,"$17,510,141,171 ",75.60%,4.50%,62.0,58.9,562.0,$0.23 ,46.30%,0.13,70.80%,11.60%,54.50%,7.22%,"8,479,688"
Burkina Faso,Africa,59,272967.0,273600.0,BF,BFA,0.0185,0.0255,0.0029,84.9835,220.1073,854,6932967,11882888,16116845,22673762,23251485,27523563,40541548,44.20%,37.93,106.58,-3.20%,5.19,19.30%,$0.98 ,"$15,745,810,235 ",96.10%,6.50%,49.0,61.2,320.0,$0.34 ,36.10%,0.08,66.40%,15.00%,41.30%,6.26%,"6,092,349"
Syria,Asia,60,185180.0,183630.0,SY,SYR,0.0359,0.0498,0.0029,126.4881,327.6042,760,8898954,16307654,22337563,22125249,23227014,29824735,38306374,75.80%,23.69,143.2,36.70%,2.81,2.70%,$0.83 ,"$40,405,006,007 ",81.70%,40.10%,14.0,71.8,31.0,$1.02 ,53.70%,1.22,44.10%,14.20%,42.70%,8.37%,"9,358,019"
Sri Lanka,Asia,61,65610.0,61860.0,LK,LKA,0.0018,0.0028,0.0027,353.9214,916.6565,144,14943645,18776371,20668557,21832143,21893579,22186970,21814985,43.70%,15.83,155.53,3.50%,2.2,32.90%,$0.88 ,"$84,008,783,756 ",100.20%,19.60%,6.4,76.8,36.0,$0.35 ,38.40%,1.0,53.90%,11.90%,55.20%,4.20%,"4,052,088"
Malawi,Africa,62,118484.0,94280.0,MW,MWI,0.0169,0.0258,0.0026,222.0169,575.0237,454,6267369,11229387,14718422,20405317,20931751,24944243,37159300,61.40%,34.12,418.34,9.40%,4.21,33.20%,$1.15 ,"$7,666,704,427 ",142.50%,0.80%,35.3,63.8,349.0,$0.12 ,11.00%,0.04,76.70%,17.30%,34.50%,5.65%,"3,199,301"
Zambia,Africa,63,752612.0,743390.0,ZM,ZMB,0.0178,0.0276,0.0026,27.6702,71.6658,894,5720438,9891136,13792086,20017675,20569737,24676417,37460435,32.10%,36.19,212.31,9.20%,4.63,65.20%,$1.40 ,"$23,064,722,446 ",98.70%,4.10%,40.4,63.5,213.0,$0.24 ,27.50%,1.19,74.60%,16.20%,15.60%,11.43%,"7,871,713"
Romania,Europe,64,238391.0,230080.0,RO,ROU,-0.0103,0.0119,0.0025,86.4604,223.9325,642,22125224,21919876,20335211,19659267,19892812,19023383,17457213,58.80%,9.6,123.78,3.80%,1.71,30.10%,$1.16 ,"$250,077,444,017 ",85.20%,49.40%,6.1,75.4,19.0,$2.25 ,21.30%,2.98,54.70%,14.60%,20.00%,3.98%,"10,468,793"
Chile,South America,65,756102.0,743532.0,CL,CHL,0.0009,0.0013,0.0025,26.4005,68.3772,152,11469828,15351799,17004162,19603733,19629590,19933769,20675378,21.20%,12.43,131.91,2.60%,1.65,24.30%,$1.03 ,"$282,318,159,745 ",101.40%,88.50%,6.2,80.0,13.0,$2.00 ,32.20%,2.59,62.60%,18.20%,34.00%,7.09%,"16,610,135"
Kazakhstan,Asia,66,2724900.0,2699700.0,KZ,KAZ,0.0067,0.0108,0.0024,7.2625,18.8099,398,14172710,15236253,16627837,19397998,19606633,21128221,25609978,80.40%,21.77,182.75,5.20%,2.84,1.20%,$0.42 ,"$180,161,741,180 ",104.40%,61.70%,8.8,73.2,10.0,$0.41 ,38.80%,3.25,68.80%,11.70%,28.40%,4.59%,"10,652,915"
Chad,Africa,67,1284000.0,1259200.0,TD,TCD,0.0178,0.0313,0.0023,14.516,37.5965,148,4408230,8259137,11894727,17723315,18278568,22460393,36452035,39.70%,42.17,117.7,-1.00%,5.75,3.80%,$0.78 ,"$11,314,951,343 ",86.80%,3.30%,71.4,54.0,1140.0,$0.60 ,56.40%,0.04,70.70%,,63.50%,1.89%,"3,712,273"
Ecuador,South America,68,276841.0,248360.0,EC,ECU,0.006,0.0105,0.0023,73.2424,189.6978,218,8135845,12626507,14989585,18001000,18190484,19486952,22269779,22.20%,19.72,124.14,0.30%,2.43,50.20%,$0.61 ,"$107,435,665,000 ",103.30%,44.90%,12.2,76.8,59.0,$2.46 ,43.70%,2.04,68.00%,,34.40%,3.97%,"11,116,711"
Somalia,Africa,69,637657.0,627340.0,SO,SOM,0.0176,0.031,0.0023,28.9211,74.9057,706,5892224,8721465,12026649,17597511,18143378,22316857,36462830,70.30%,41.75,,,6.07,10.00%,$1.41 ,"$4,720,727,278 ",23.40%,2.50%,76.6,57.1,829.0,,,0.02,47.40%,0.00%,,11.35%,"7,034,861"
Guatemala,North America,70,108889.0,107160.0,GT,GTM,0.008,0.0139,0.0023,168.8319,437.2746,320,6987767,11735894,14543121,17843908,18092026,20003638,24600727,36.00%,24.56,142.92,3.70%,2.87,32.70%,$0.79 ,"$76,710,385,880 ",101.90%,21.80%,22.1,74.1,95.0,$1.60 ,55.80%,0.35,62.30%,10.60%,35.20%,2.46%,"8,540,945"
Senegal,Africa,71,196722.0,192530.0,SN,SEN,0.0144,0.0258,0.0022,92.2618,238.958,686,5703869,9704287,12530121,17316449,17763163,21125872,32562869,46.10%,34.52,109.25,1.80%,4.63,42.80%,$1.14 ,"$23,578,084,052 ",81.00%,12.80%,31.8,67.7,315.0,$0.31 ,44.20%,0.07,45.70%,16.30%,44.80%,6.60%,"7,765,706"
Netherlands,Europe,72,41850.0,33670.0,NL,NLD,0.0017,0.0031,0.0022,523.264,1355.2538,528,14130387,15899135,16617117,17564014,17618299,17943803,17897025,53.30%,9.7,115.91,2.60%,1.59,11.20%,$1.68 ,"$909,070,395,161 ",104.20%,85.00%,3.3,81.8,5.0,$10.29 ,12.30%,3.61,63.60%,23.00%,41.20%,3.20%,"15,924,729"
Cambodia,Asia,73,181035.0,176520.0,KH,KHM,0.0057,0.0106,0.0021,95.9938,248.6239,116,6198959,12118841,14363532,16767842,16944826,18084248,20258435,30.90%,22.46,127.63,2.50%,2.5,52.90%,$0.90 ,"$27,089,389,787 ",107.40%,13.70%,24.0,69.6,160.0,,59.40%,0.17,82.30%,17.10%,23.10%,0.68%,"3,924,621"
Zimbabwe,Africa,74,390757.0,386850.0,ZW,ZWE,0.0112,0.0211,0.0021,43.0798,111.5766,716,7049926,11834676,12839771,16320537,16665409,19179393,26438589,41.90%,30.68,105.51,0.90%,3.62,35.50%,$1.34 ,"$21,440,758,800 ",109.90%,10.00%,33.9,61.2,458.0,,25.80%,0.21,83.10%,20.70%,31.60%,4.95%,"4,717,305"
Guinea,Africa,75,245857.0,245720.0,GN,GIN,0.0106,0.0239,0.0018,57.7511,149.5755,324,4972609,8336967,10270728,13859341,14190612,16622388,23711700,59.00%,36.36,262.95,9.50%,4.7,25.80%,$0.90 ,"$13,590,281,809 ",91.50%,11.60%,64.9,61.2,576.0,,54.50%,0.08,61.50%,10.80%,69.30%,4.30%,"4,661,505"
Rwanda,Africa,76,26338.0,24670.0,RW,RWA,0.0101,0.0231,0.0018,571.3289,1479.7417,646,5247532,8109989,10309031,13776698,14094683,16375704,23030046,73.40%,31.7,151.09,3.40%,4.04,19.70%,$1.17 ,"$10,122,472,590 ",133.00%,6.70%,27.0,68.7,248.0,,26.00%,0.13,83.70%,14.30%,33.20%,1.03%,"2,186,104"
Benin,Africa,77,112622.0,112760.0,BJ,BEN,0.0115,0.027,0.0017,121.6107,314.9718,204,3833939,6998023,9445710,13352864,13712828,16393827,25264035,33.30%,36.22,110.71,-0.90%,4.84,37.80%,$0.72 ,"$14,390,709,095 ",122.00%,12.30%,60.5,61.5,397.0,$0.39 ,40.50%,0.08,70.90%,10.80%,48.90%,2.23%,"5,648,149"
Burundi,Africa,78,27834.0,25680.0,BI,BDI,0.0111,0.0271,0.0017,515.5202,1335.1973,108,4312834,6307659,9126605,12889576,13238559,15800530,24208671,79.20%,39.01,182.11,-0.70%,5.41,10.90%,$1.21 ,"$3,012,334,882 ",121.40%,6.10%,41.0,61.2,548.0,,19.10%,0.1,79.20%,13.60%,41.20%,1.43%,"1,541,177"
Tunisia,Africa,79,163610.0,155360.0,TN,TUN,0.0035,0.0083,0.0016,80.1894,207.6905,788,6578156,9893316,10895063,12356117,12458223,13100768,14315779,64.80%,17.56,155.33,6.70%,2.2,6.80%,$0.73 ,"$38,797,709,924 ",115.40%,31.70%,14.6,76.5,43.0,$0.47 ,39.80%,1.3,46.10%,21.10%,60.70%,16.02%,"8,099,061"
Bolivia,South America,80,1098581.0,1083300.0,BO,BOL,0.0057,0.0135,0.0015,11.436,29.6191,68,5736088,8592656,10223270,12224110,12388571,13625507,16609854,34.80%,21.75,148.32,1.80%,2.73,50.30%,$0.71 ,"$40,895,322,865 ",98.20%,,21.8,71.2,155.0,$1.36 ,25.90%,1.59,71.80%,17.00%,83.70%,3.50%,"8,033,035"
Haiti,North America,81,27750.0,27560.0,HT,HTI,0.0045,0.0121,0.0015,425.4268,1101.8554,332,5646676,8360225,9842880,11584996,11724763,12700006,15087520,66.80%,24.35,179.29,12.50%,2.94,3.50%,$0.81 ,"$8,498,981,821 ",113.60%,1.10%,49.5,63.7,480.0,$0.25 ,36.30%,0.23,67.20%,,42.70%,13.78%,"6,328,948"
Belgium,Europe,82,30528.0,30280.0,BE,BEL,0.0009,0.0026,0.0015,385.9359,999.5741,56,9828986,10264343,10877947,11655930,11686140,11873460,12090657,44.60%,10.3,117.11,1.40%,1.62,22.60%,$1.43 ,"$529,606,710,418 ",103.90%,79.70%,2.9,81.6,5.0,$10.31 ,17.60%,3.07,53.60%,24.00%,55.40%,5.59%,"11,259,082"
Jordan,asia,83,89342.0,88794.0,JO,JOR,0.0014,0.0045,0.0014,127.6781,330.6864,400,2216903,5056174,6931258,11285869,11337052,11933395,15005941,12.00%,21.98,125.6,0.80%,2.76,1.10%,$1.10 ,"$43,743,661,972 ",81.50%,34.40%,13.9,74.4,46.0,$1.49 ,25.10%,2.32,39.30%,15.10%,28.60%,14.72%,"9,213,048"
Dominican Republic,North America,84,48671.0,48310.0,DO,DOM,0.0032,0.0093,0.0014,234.5885,607.5843,214,5755800,8540791,9775755,11228821,11332972,11982523,13180541,48.70%,19.51,135.5,1.80%,2.35,41.70%,$1.07 ,"$88,941,298,258 ",105.70%,59.90%,24.1,73.9,95.0,$0.40 ,43.70%,1.56,64.30%,13.00%,48.80%,5.84%,"8,787,475"
Cuba,North America,85,109884.0,103800.0,CU,CUB,-0.0006,-0.0016,0.0014,107.8463,279.322,192,9809107,11105791,11290417,11212191,11194449,11016041,10028085,59.90%,10.17,,,1.62,31.30%,$1.40 ,"$100,023,000,000 ",101.90%,41.40%,3.7,78.7,36.0,$0.05 ,,8.42,53.60%,,,1.64%,"8,739,135"
South Sudan,Africa,86,619745.0,631930.0,SS,SSD,0.0058,0.0161,0.0014,17.5475,45.448,728,4192012,6114440,9714419,10913164,11088796,12570402,17460846,,35.01,"4,583.71",187.90%,4.7,,$0.28 ,"$11,997,800,751 ",73.00%,,63.7,57.6,1150.0,,61.30%,,72.40%,,31.40%,12.24%,"2,201,250"
Sweden,Europe,87,450295.0,407283.5,SE,SWE,0.002,0.0059,0.0013,26.0558,67.4844,752,8311763,8871043,9381729,10549347,10612086,11007228,11902033,7.40%,11.4,110.51,1.80%,1.76,68.90%,$1.42 ,"$530,832,908,738 ",126.60%,67.00%,2.2,82.5,4.0,,15.20%,3.98,64.60%,27.90%,49.10%,6.48%,"9,021,165"
Honduras,North America,88,112492.0,111890.0,HN,HND,0.0053,0.0154,0.0013,94.6805,245.2224,340,3777990,6656725,8450933,10432860,10593798,11724522,14258514,28.90%,21.6,150.34,4.40%,2.46,40.00%,$0.98 ,"$25,095,395,475 ",91.50%,26.20%,15.1,75.1,65.0,$1.01 ,49.10%,0.31,68.80%,17.30%,39.10%,5.39%,"5,626,433"
Czechia,Europe,89,78865.0,77198.5,CZ,CZE,0.0003,0.0001,0.0013,135.9521,352.1158,203,10270060,10234710,10464749,10493986,10495295,10515199,10577126,45.20%,10.7,116.48,2.80%,1.69,34.60%,$1.17 ,"$246,489,245,495 ",100.70%,64.10%,2.7,79.0,3.0,$3.00 ,14.80%,4.12,60.60%,14.90%,46.10%,1.93%,"7,887,156"
Azerbaijan,Asia,90,86600.0,82646.0,AZ,AZE,0.0017,0.0053,0.0013,125.991,326.3167,31,6383060,8190337,9237202,10358074,10412651,10711138,10867296,57.70%,14.0,156.32,2.60%,1.73,14.10%,$0.56 ,"$39,207,000,000 ",99.70%,27.70%,19.2,72.9,26.0,$0.47 ,78.60%,3.45,66.50%,13.00%,40.70%,5.51%,"5,616,165"
Greece,Europe,91,131990.0,128900.0,GR,GRC,-0.0012,-0.0042,0.0013,80.2271,207.7883,300,9307148,11038109,11033783,10384971,10341277,10059703,9144951,47.60%,8.1,101.87,0.20%,1.35,31.70%,$1.54 ,"$209,852,761,469 ",99.60%,136.60%,3.6,81.3,3.0,$4.46 ,35.50%,5.48,51.80%,26.20%,51.90%,17.24%,"8,507,474"
Papua New Guinea,Oceania,92,462840.0,452860.0,PG,PNG,0.0059,0.0185,0.0013,22.8104,59.079,598,3104788,5508297,7583269,10142619,10329931,11615322,14910369,2.60%,27.07,155.99,3.60%,3.56,74.10%,$1.36 ,"$24,969,611,435 ",108.50%,1.80%,38.0,64.3,145.0,$1.16 ,5.80%,0.07,47.20%,13.60%,37.10%,2.46%,"1,162,834"
Portugal,Europe,93,92090.0,91605.6,PT,PRT,-0.0008,-0.0023,0.0013,111.8666,289.7344,620,9785252,10300626,10588401,10270865,10247605,10062183,9261305,39.50%,8.5,110.62,0.30%,1.38,34.60%,$1.54 ,"$237,686,075,635 ",106.20%,63.90%,3.1,81.3,8.0,$3.78 ,27.70%,5.12,58.80%,22.80%,39.80%,6.33%,"6,753,579"
Hungary,Europe,94,93028.0,91260.0,HU,HUN,-0.0057,0.019,0.0013,111.2891,288.2386,348,10698679,10202055,9986825,9967308,10156239,9642912,8817396,58.40%,9.6,121.64,3.30%,1.54,22.90%,$1.18 ,"$160,967,157,504 ",100.80%,48.50%,3.6,75.8,12.0,$2.62 ,29.00%,3.41,56.50%,23.00%,37.90%,3.40%,"6,999,582"
Tajikistan,Asia,95,143100.0,138790.0,TJ,TJK,0.006,0.0192,0.0013,73.0855,189.2916,762,4045965,6272998,7621779,9952787,10143543,11421430,15200989,34.10%,30.76,148.57,6.00%,3.59,3.00%,$0.71 ,"$8,116,626,794 ",100.90%,31.30%,30.4,70.9,17.0,$0.23 ,63.10%,1.7,42.00%,9.80%,67.30%,11.02%,"2,545,477"
United Arab Emirates,Asia,96,83600.0,71020.0,AE,ARE,0.0024,0.008,0.0012,134.0027,347.067,784,1014048,3275333,8481771,9441129,9516871,10004319,11449471,5.50%,10.33,114.52,-1.90%,1.41,4.60%,$0.49 ,"$421,142,267,938 ",108.40%,36.80%,6.5,77.8,3.0,,17.80%,2.53,82.10%,0.10%,15.90%,2.35%,"8,479,744"
Belarus,Europe,97,207600.0,202980.0,BY,BLR,-0.0014,-0.0039,0.0012,46.794,121.1964,112,9817257,10256483,9731427,9534954,9498238,9206170,8409632,42.00%,9.9,,5.60%,1.45,42.60%,$0.60 ,"$63,080,457,023 ",100.50%,87.40%,2.6,74.2,2.0,$1.49 ,34.50%,5.19,64.10%,14.70%,53.30%,4.59%,"7,482,982"
Israel,Asia,98,20770.0,21640.0,IL,ISR,0.0043,0.0151,0.0011,423.9612,1098.0595,376,3744608,6116958,7328445,9038309,9174520,10134951,12991790,24.60%,20.8,108.15,0.80%,3.09,7.70%,$1.57 ,"$395,098,666,122 ",104.90%,63.40%,3.0,82.8,3.0,$7.58 ,24.40%,4.62,64.00%,23.10%,25.30%,3.86%,"8,374,393"
Togo,Africa,99,56785.0,54390.0,TG,TGO,0.0065,0.0232,0.0011,166.4607,431.1333,768,2838110,5008035,6571855,8848699,9053799,10558178,15478883,70.20%,33.11,113.3,0.70%,4.32,3.10%,$0.71 ,"$5,459,979,417 ",123.80%,14.50%,47.4,60.8,396.0,$0.34 ,51.00%,0.08,77.60%,16.90%,48.20%,2.04%,"3,414,638"
Austria,Europe,100,83871.0,82520.0,AT,AUT,0.0006,0.0022,0.0011,108.5671,281.1889,40,7547561,8010428,8362829,8939617,8958960,9054576,8924190,32.40%,9.7,118.06,1.50%,1.47,46.90%,$1.20 ,"$446,314,739,528 ",103.10%,85.10%,2.9,81.6,5.0,,17.90%,5.17,60.70%,25.40%,51.40%,4.67%,"5,194,416"
Switzerland,Europe,101,41284.0,39516.0,CH,CHE,0.0018,0.0064,0.0011,222.6103,576.5607,756,6319113,7182059,7822435,8740472,8796669,9143698,9753753,38.40%,10.0,99.55,0.40%,1.52,31.80%,$1.45 ,"$703,082,435,360 ",105.20%,59.60%,3.7,83.6,5.0,,28.30%,4.3,68.30%,10.10%,28.80%,4.58%,"6,332,428"
Sierra Leone,Africa,102,71740.0,72180.0,SL,SLE,0.0059,0.0215,0.0011,121.794,315.4465,694,3367477,4584067,6436698,8605718,8791092,10105188,13595023,54.70%,33.41,234.16,14.80%,4.26,43.10%,$1.08 ,"$3,941,474,311 ",112.80%,2.00%,78.5,54.3,1120.0,$0.57 ,38.20%,0.03,57.90%,8.60%,30.70%,4.43%,"3,319,366"
Laos,Asia,103,236800.0,230800.0,LA,LAO,0.0033,0.0139,0.001,33.0753,85.665,418,3297519,5430853,6323418,7529475,7633779,8321287,9775552,10.30%,23.55,135.87,3.30%,2.67,82.10%,$0.93 ,"$18,173,839,128 ",102.40%,15.00%,37.6,67.6,185.0,$0.83 ,45.40%,0.37,78.50%,12.90%,24.10%,0.63%,"2,555,552"
Serbia,Europe,105,88361.0,87460.0,RS,SRB,-0.002,-0.01,0.0009,81.7411,211.7095,688,7777010,7935022,7653748,7221365,7149077,6832604,5777806,39.30%,9.2,144,1.80%,1.49,31.10%,$1.16 ,"$51,409,167,351 ",100.30%,67.20%,4.8,75.5,12.0,$1.57 ,40.60%,3.11,54.90%,18.60%,36.60%,12.69%,"3,907,243"
Nicaragua,North America,106,130373.0,120340.0,NI,NIC,0.0031,0.0141,0.0009,58.5533,151.6532,558,3303309,5123222,5855734,6948392,7046310,7688686,9094641,42.10%,20.64,162.74,5.40%,2.4,25.90%,$0.91 ,"$12,520,915,291 ",120.60%,17.40%,15.7,74.3,98.0,$0.54 ,36.00%,0.98,66.40%,15.60%,60.60%,6.84%,"3,846,137"
Libya,Africa,107,1759540.0,1759540.0,LY,LBY,0.0024,0.0112,0.0009,3.9149,10.1395,434,2962720,5154790,6491988,6812341,6888388,7394813,8539976,8.70%,18.83,125.71,2.60%,2.24,0.10%,$0.11 ,"$52,076,250,948 ",109.00%,60.50%,10.2,72.7,72.0,$1.88 ,36.70%,2.09,49.70%,,32.60%,18.56%,"5,448,597"
Paraguay,South America,108,406752.0,397300.0,PY,PRY,0.0027,0.0119,0.0009,17.2704,44.7303,600,3078912,5123819,5768613,6780744,6861524,7425448,8591486,55.10%,20.57,143.82,2.80%,2.43,37.70%,$1.04 ,"$38,145,288,940 ",104.40%,34.60%,17.2,74.1,129.0,$1.55 ,36.50%,1.35,72.10%,10.00%,35.00%,4.81%,"4,359,150"
Kyrgyzstan,Asia,109,199951.0,191800.0,KG,KGZ,0.0033,0.0158,0.0008,35.1165,90.9518,417,3691209,4935182,5483774,6630623,6735347,7435378,9426858,55.00%,27.1,155.68,1.10%,3.3,3.30%,$0.56 ,"$8,454,619,608 ",107.60%,41.30%,16.9,71.4,60.0,$0.09 ,48.20%,1.88,59.80%,18.00%,29.00%,6.33%,"2,362,644"
Bulgaria,Europe,110,110879.0,108560.0,BG,BGR,-0.0027,-0.0139,0.0008,61.6039,159.554,100,8980606,8097691,7592273,6781953,6687717,6290166,5187392,46.30%,8.9,114.42,3.10%,1.56,35.40%,$1.11 ,"$86,000,000,000 ",89.30%,71.00%,5.9,74.9,10.0,$1.57 ,47.70%,4.03,55.40%,20.20%,28.30%,4.34%,"5,256,027"
Turkmenistan,Asia,111,488100.0,469930.0,TM,TKM,0.0026,0.0133,0.0008,13.8661,35.9132,795,2862903,4569132,5267970,6430770,6516100,7034758,8263833,72.00%,23.83,,,2.79,8.80%,$0.29 ,"$40,761,142,857 ",88.40%,8.00%,39.3,68.1,7.0,$0.88 ,71.10%,2.22,64.50%,,,3.91%,"3,092,738"
El Salvador,North America,112,21041.0,20720.0,SV,SLV,0.001,0.0045,0.0008,307.1884,795.6179,222,4508992,5958482,6114034,6336392,6364943,6554224,6636854,76.40%,18.25,111.23,0.10%,2.04,12.60%,$0.83 ,"$27,022,640,000 ",94.80%,29.40%,11.8,73.1,46.0,$0.50 ,27.90%,1.57,59.10%,18.10%,36.40%,4.11%,"4,694,702"
Republic of the Congo,Africa,113,342000.0,341500.0,CG,COG,0.0043,0.0229,0.0008,17.8825,46.3156,178,1829256,3134030,4437884,5970424,6106869,7114987,10378912,31.10%,32.86,124.74,2.20%,4.43,65.40%,$0.97 ,"$10,820,591,131 ",106.60%,12.70%,36.2,64.3,378.0,$0.88 ,43.80%,0.12,69.40%,9.00%,54.30%,9.47%,"3,625,010"
Singapore,Asia,114,710.0,718.0,SG,SGP,0.0012,0.0065,0.0008,8377.0515,21696.5635,702,2400729,4053602,5163590,5975689,6014723,6251988,6337235,0.90%,8.8,114.41,0.60%,1.14,23.10%,$1.25 ,"$372,062,527,489 ",100.60%,84.80%,2.3,83.1,8.0,,36.70%,2.29,70.50%,13.10%,21.00%,4.11%,"5,703,569"
Denmark,Europe,115,43094.0,40000.0,DK,DNK,0.0009,0.0049,0.0007,147.7728,382.7316,208,5125392,5340655,5550849,5882261,5910913,6104474,6445109,62.00%,10.6,110.35,0.80%,1.73,14.70%,$1.55 ,"$348,078,018,464 ",101.30%,80.60%,3.6,81.0,4.0,,13.70%,4.01,62.20%,32.40%,23.80%,4.91%,"5,119,978"
Slovakia,Europe,116,49037.0,49035.0,SK,SVK,-0.0033,0.0269,0.0007,118.1849,306.099,703,4973883,5376690,5396424,5643453,5795199,5555114,5186967,39.20%,10.6,115.34,2.70%,1.52,40.40%,$1.32 ,"$105,422,304,976 ",98.70%,46.60%,4.6,77.2,5.0,$3.11 ,18.40%,3.42,59.50%,18.70%,49.70%,5.56%,"2,930,419"
Central African Republic,Africa,117,622984.0,622980.0,CF,CAF,0.0053,0.0292,0.0007,9.2175,23.8733,140,2415276,3759170,4660067,5579144,5742315,7104274,11533423,8.20%,35.35,186.86,37.10%,4.72,35.60%,$1.41 ,"$2,220,307,369 ",102.00%,3.00%,84.5,52.8,829.0,$0.37 ,39.60%,0.06,72.00%,8.60%,73.30%,3.68%,"1,982,064"
Finland,Europe,118,338424.0,303940.0,FI,FIN,0.0001,0.0009,0.0007,18.2453,47.2553,246,4779418,5176209,5363271,5540745,5545475,5565475,5460917,7.50%,8.6,112.33,1.00%,1.41,73.10%,$1.45 ,"$268,761,201,365 ",100.20%,88.20%,1.4,81.7,3.0,,19.90%,3.81,59.10%,20.80%,36.60%,6.59%,"4,716,888"
Norway,Europe,119,323802.0,364285.0,NO,NOR,0.0013,0.0074,0.0007,15.0277,38.9217,578,4085776,4491202,4889741,5434319,5474360,5748397,6367559,2.70%,10.4,120.27,2.20%,1.56,33.20%,$1.78 ,"$403,336,363,636 ",100.30%,82.00%,2.1,82.8,2.0,,14.30%,2.92,63.80%,23.90%,36.20%,3.35%,"4,418,218"
Liberia,Africa,120,111369.0,96320.0,LR,LBR,0.0037,0.0218,0.0007,56.2539,145.6976,430,1932169,2895224,4019956,5302681,5418377,6282074,8890700,28.00%,33.04,223.13,23.60%,4.32,43.10%,$0.80 ,"$3,070,518,100 ",85.10%,11.90%,53.5,63.7,661.0,$0.17 ,19.60%,0.04,76.30%,12.90%,46.20%,2.81%,"2,548,426"
Palestine,Asia,121,6220.0,6020.0,PS,PSE,0.0039,0.0231,0.0007,892.2309,2310.878,275,1453620,3139954,3992278,5250072,5371230,6256949,8861747,,,,,,,,,,,,,,,,,,,,,
Lebanon,Asia,122,10452.0,10230.0,LB,LBN,-0.0045,-0.0247,0.0007,523.3558,1355.4916,422,2963702,4320642,4995800,5489739,5353930,4714240,4937579,64.30%,17.55,130.02,3.00%,2.09,13.40%,$0.74 ,"$53,367,042,272 ",95.10%,26.30%,6.4,78.9,29.0,$2.15 ,32.10%,2.1,47.00%,15.30%,32.20%,6.23%,"6,084,994"
New Zealand,Oceania,123,270467.0,263310.0,NZ,NZL,0.0013,0.0083,0.0007,19.8553,51.4252,554,3147168,3855266,4346338,5185288,5228100,5495670,5949002,40.50%,11.98,114.24,1.60%,1.71,38.60%,$1.40 ,"$206,928,765,544 ",100.00%,82.00%,4.7,81.9,9.0,$11.49 ,12.60%,3.59,69.90%,29.00%,34.60%,4.07%,"4,258,860"
Costa Rica,North America,124,51100.0,51060.0,CR,CRI,0.0011,0.006,0.0007,102.0794,264.3856,188,2414303,3979193,4622252,5180829,5212173,5432243,5702525,34.50%,13.97,128.85,2.10%,1.75,54.60%,$0.98 ,"$61,773,944,174 ",113.30%,55.20%,7.6,80.1,27.0,$1.84 ,21.50%,2.89,62.10%,13.60%,58.30%,11.85%,"4,041,885"
Ireland,Europe,125,70273.0,68890.0,IE,IRL,0.0011,0.0067,0.0006,73.4059,190.1214,372,3391387,3768950,4524585,5023109,5056935,5266881,5724686,64.50%,12.5,106.58,0.90%,1.75,11.00%,$1.37 ,"$388,698,711,348 ",100.90%,77.80%,3.1,82.3,5.0,$10.79 ,15.20%,3.31,62.10%,18.30%,26.10%,4.93%,"3,133,123"
Mauritania,Africa,126,1030700.0,1030700.0,MR,MRT,0.0041,0.0268,0.0006,4.7181,12.22,478,1506694,2695003,3419461,4736139,4862989,5830563,8914673,38.50%,33.69,135.02,2.30%,4.56,0.20%,$1.13 ,"$7,593,752,450 ",99.90%,5.00%,51.5,64.7,766.0,$0.53 ,48.20%,0.19,45.90%,,67.00%,9.55%,"2,466,821"
Oman,asia,127,309500.0,309500.0,OM,OMN,0.0022,0.0149,0.0006,15.0061,38.8658,512,1017462,2344253,2881914,4576298,4644384,5093376,6328978,4.60%,19.19,113.53,0.10%,2.89,0.00%,$0.45 ,"$76,983,094,928 ",103.40%,38.00%,9.8,77.6,19.0,$4.33 ,6.40%,2.0,72.40%,2.50%,27.40%,2.67%,"4,250,777"
Panama,North America,128,75417.0,74180.0,PA,PAN,0.0019,0.0135,0.0006,60.233,156.0036,591,1956987,3001731,3623617,4408581,4468087,4864126,5736121,30.40%,18.98,122.07,-0.40%,2.46,61.90%,$0.74 ,"$66,800,800,000 ",94.40%,47.80%,13.1,78.3,52.0,$1.53 ,30.50%,1.57,66.60%,,37.20%,3.90%,"2,890,084"
Kuwait,asia,129,17818.0,17820.0,KW,KWT,0.0013,0.0097,0.0005,241.8691,626.4411,414,1493870,1934901,2943356,4268873,4310108,4564570,5155414,8.40%,13.94,126.6,1.10%,2.08,0.40%,$0.35 ,"$134,761,198,946 ",92.40%,54.40%,6.7,75.4,12.0,$0.95 ,14.40%,2.58,73.50%,1.40%,13.00%,2.18%,"4,207,083"
Croatia,Europe,130,56594.0,55960.0,HR,HRV,-0.0007,-0.0054,0.0005,71.6336,185.5311,191,4680144,4548434,4368682,4030358,4008617,3850140,3333425,27.60%,9.0,109.82,0.80%,1.47,34.40%,$1.26 ,"$60,415,553,039 ",96.50%,67.90%,4.0,78.1,8.0,$2.92 ,15.20%,3.0,51.20%,22.00%,20.50%,6.93%,"2,328,318"
Eritrea,Africa,131,117600.0,121040.8,ER,ERI,0.0021,0.0176,0.0005,30.9722,80.218,232,1657982,2392880,3147727,3684032,3748901,4283355,5964021,75.20%,30.3,,,4.06,14.90%,$2.00 ,"$2,065,001,626 ",68.40%,3.40%,31.3,65.9,480.0,,52.40%,0.06,78.40%,,83.70%,5.14%,"1,149,670"
Georgia,asia,132,69700.0,69490.0,GE,GEO,-0.0005,-0.0043,0.0005,53.6521,138.9588,268,5145843,4265172,3836831,3744385,3728282,3657494,3384660,34.50%,13.47,133.61,4.90%,2.06,40.60%,$0.76 ,"$17,743,195,770 ",98.60%,63.90%,8.7,73.6,25.0,$0.05 ,57.30%,7.12,68.30%,21.70%,9.90%,14.40%,"2,196,476"
Mongolia,asia,133,1564110.0,1557506.8,MN,MNG,0.0015,0.0144,0.0004,2.2133,5.7323,496,1697780,2450979,2702520,3398366,3447157,3736327,4518856,71.50%,24.13,195.76,7.30%,2.9,8.00%,$0.72 ,"$13,852,850,259 ",104.00%,65.60%,14.0,69.7,45.0,$0.65 ,39.30%,2.86,59.70%,16.80%,25.70%,6.01%,"2,210,626"
Moldova,Europe,134,33846.0,32884.6,MD,MDA,-0.0039,0.0498,0.0004,104.4845,270.6149,498,4103240,4251573,3678186,3272996,3435931,3174727,2997532,74.20%,10.1,166.2,4.80%,1.26,12.60%,$0.80 ,"$11,955,435,457 ",90.60%,39.80%,13.6,71.8,19.0,$0.31 ,46.20%,3.21,43.10%,17.70%,38.70%,5.47%,"1,135,502"
Uruguay,South America,135,181034.0,175020.0,UY,URY,0.0,0.0001,0.0004,19.5584,50.6562,858,2953750,3292224,3352651,3422794,3423108,3423372,3337143,82.60%,13.86,202.92,7.90%,1.97,10.70%,$1.50 ,"$56,045,912,952 ",108.50%,63.10%,6.4,77.8,17.0,$1.66 ,16.20%,5.05,64.00%,20.10%,41.80%,8.73%,"3,303,394"
Bosnia and Herzegovina,Europe,137,51209.0,51200.0,BA,BIH,-0.0006,-0.007,0.0004,62.7119,162.4237,70,4199820,4179350,3811088,3233526,3210847,3111789,2739014,43.10%,8.11,104.9,0.60%,1.27,42.70%,$1.05 ,"$20,047,848,435 ",,23.30%,5.0,77.3,10.0,$1.04 ,28.60%,2.16,46.40%,20.40%,23.70%,18.42%,"1,605,144"
Albania,Europe,138,28748.0,27400.0,AL,ALB,-0.0003,-0.0035,0.0004,103.3737,267.7378,8,2941651,3182021,2913399,2842321,2832439,2789599,2456472,43.10%,11.78,119.05,1.40%,1.62,28.10%,$1.36 ,"$15,278,077,447 ",107.00%,55.00%,7.8,78.5,15.0,$1.12 ,56.90%,1.2,55.70%,18.60%,36.60%,12.33%,"1,747,593"
Jamaica,North America,139,10991.0,10830.0,JM,JAM,0.0,-0.0006,0.0004,260.8997,675.7303,388,2135546,2612205,2733896,2827377,2825544,2804356,2493823,41.00%,16.1,162.47,3.90%,1.98,30.90%,$1.11 ,"$16,458,071,068 ",91.00%,27.10%,12.4,74.4,80.0,$1.33 ,23.70%,1.31,66.00%,26.80%,35.10%,8.00%,"1,650,594"
Armenia,Asia,140,29743.0,28470.0,AM,ARM,0.0,-0.0009,0.0003,97.5753,252.7201,51,3135123,3168523,2946293,2780469,2777970,2759528,2573465,58.90%,13.99,129.18,1.40%,1.76,11.70%,$0.77 ,"$13,672,802,158 ",92.70%,54.60%,11.0,74.9,26.0,$0.66 ,81.60%,4.4,55.60%,20.90%,22.60%,16.99%,"1,869,848"
Gambia,Africa,141,10689.0,10120.0,GM,GMB,0.0022,0.0248,0.0003,274.0285,709.7337,270,718586,1437539,1937275,2705992,2773168,3263651,4673743,59.80%,38.54,172.73,7.10%,5.22,48.40%,$1.18 ,"$1,763,819,048 ",98.00%,2.70%,39.0,61.7,597.0,$0.13 ,20.30%,0.1,59.40%,9.40%,48.40%,9.06%,"1,453,958"
Lithuania,Europe,142,65300.0,62620.0,LT,LTU,-0.0008,-0.0115,0.0003,43.4103,112.4326,440,3521206,3599637,3139019,2750055,2718352,2558928,2187550,47.20%,10.0,118.38,2.30%,1.63,34.80%,$1.16 ,"$54,219,315,600 ",103.90%,72.40%,3.3,75.7,8.0,$2.41 ,32.10%,6.35,61.60%,16.90%,42.60%,6.35%,"1,891,013"
Qatar,Asia,143,11586.0,11490.0,QA,QAT,0.0007,0.0079,0.0003,236.4135,612.3109,634,277450,645937,1713504,2695122,2716391,2855291,3358454,5.80%,9.54,115.38,-0.70%,1.87,0.00%,$0.40 ,"$183,466,208,791 ",103.80%,17.90%,5.8,80.1,9.0,,6.20%,2.49,86.80%,14.70%,11.30%,0.09%,"2,809,071"
Botswana,Africa,144,582000.0,566730.0,BW,BWA,0.0014,0.0171,0.0003,4.7207,12.2266,72,938578,1726985,2091664,2630296,2675352,2972271,3679340,45.60%,24.82,149.75,2.80%,2.87,18.90%,$0.71 ,"$18,340,510,789 ",103.20%,24.90%,30.0,69.3,144.0,$0.29 ,5.30%,0.37,70.80%,19.50%,25.10%,18.19%,"1,616,550"
Namibia,Africa,145,825615.0,823290.0,,NAM,0.0012,0.0145,0.0003,3.1631,8.1925,516,975994,1819141,2099271,2567012,2604172,2910056,3779918,47.10%,28.64,157.97,3.70%,3.4,8.30%,$0.76 ,"$12,366,527,719 ",124.20%,22.90%,29.0,63.4,195.0,,8.30%,0.42,59.50%,27.10%,20.70%,20.27%,"1,273,258"
Gabon,Africa,146,267668.0,257670.0,GA,GAB,0.0015,0.0199,0.0003,9.4561,24.4914,266,749078,1272935,1711105,2388992,2436566,2774523,3757053,20.00%,31.61,122.19,2.10%,3.97,90.00%,$0.92 ,"$16,657,960,228 ",139.90%,8.30%,32.7,66.2,252.0,$1.46 ,25.90%,0.68,52.90%,10.20%,47.10%,20.00%,"1,949,694"
Lesotho,Africa,147,30355.0,30360.0,LS,LSO,0.0008,0.0106,0.0003,76.7562,198.7985,426,1407672,1998630,2022747,2305825,2330318,2501946,2898369,77.60%,26.81,155.86,5.20%,3.14,1.60%,$0.70 ,"$2,460,072,444 ",120.90%,10.20%,65.7,53.7,544.0,$0.41 ,16.90%,0.07,67.90%,31.60%,13.60%,23.41%,"607,508"
Guinea-Bissau,Africa,148,36125.0,28120.0,GW,GNB,0.0014,0.0215,0.0003,76.488,198.1039,624,831462,1230849,1567220,2105566,2150842,2484863,3445289,58.00%,35.13,111.65,1.40%,4.48,69.80%,,"$1,340,389,411 ",118.70%,2.60%,54.0,58.0,667.0,$0.16 ,37.20%,0.13,72.00%,10.30%,45.50%,2.47%,"840,922"
Slovenia,Europe,149,20273.0,20136.4,SI,SVN,0.0,-0.0001,0.0003,105.2658,272.6385,705,1901570,1984339,2057287,2119844,2119675,2105945,2003258,30.70%,9.4,111.05,1.60%,1.6,62.00%,$1.32 ,"$53,742,159,517 ",100.40%,78.60%,1.7,81.0,7.0,$5.25 ,12.50%,3.09,58.40%,18.60%,31.00%,4.20%,"1,144,654"
North Macedonia,Europe,150,25713.0,25220.0,MK,MKD,-0.0002,-0.0038,0.0003,82.6994,214.1915,807,1907023,2037936,2093828,2093599,2085679,2072256,1909309,,,,,,,,"$10,220,781,069 ",,,,,,,35.60%,,,,,,
Latvia,Europe,151,64559.0,62230.0,LV,LVA,-0.0006,-0.011,0.0002,29.4104,76.173,428,2572037,2392530,2101530,1850651,1830211,1701338,1433728,31.10%,10.0,116.86,2.80%,1.6,54.00%,$1.16 ,"$34,117,202,555 ",99.40%,88.10%,3.3,74.7,19.0,$2.80 ,41.60%,3.19,61.40%,22.90%,38.10%,6.52%,"1,304,943"
Equatorial Guinea,Africa,152,28051.0,28050.0,GQ,GNQ,0.0013,0.0237,0.0002,61.1291,158.3243,226,282509,684977,1094524,1674908,1714671,1999678,2790533,10.10%,33.24,124.35,1.20%,4.51,55.50%,,"$11,026,774,945 ",61.80%,1.90%,62.6,58.4,301.0,$1.05 ,72.00%,0.4,62.00%,6.10%,79.40%,6.43%,"984,812"
Trinidad and Tobago,North America,153,5130.0,5130.0,TT,TTO,0.0001,0.0025,0.0002,299.208,774.9487,780,1127852,1332203,1410296,1531044,1534937,1547690,1485139,10.50%,12.94,141.75,1.00%,1.73,46.00%,$0.54 ,"$24,100,202,834 ",106.20%,12.00%,16.4,73.4,67.0,$2.25 ,37.30%,4.17,60.00%,19.50%,40.50%,2.69%,"741,944"
Bahrain,Asia,154,765.0,785.0,BH,BHR,0.0004,0.009,0.0002,1892.3682,4901.2335,48,362595,711442,1213645,1472233,1485509,1574679,1809237,11.10%,13.99,117.59,2.10%,1.99,0.80%,$0.43 ,"$38,574,069,149 ",99.40%,50.50%,6.1,77.2,14.0,,25.10%,0.93,73.40%,4.20%,13.80%,0.71%,"1,467,109"
Timor-Leste,Asia,155,14874.0,14870.0,TL,TLS,0.0006,0.0144,0.0002,91.4994,236.9834,626,642224,878360,1088486,1341296,1360596,1495081,1806869,25.60%,29.42,145.38,2.60%,4.02,45.40%,$1.10 ,"$1,673,540,300 ",115.30%,17.80%,39.3,69.3,142.0,$0.60 ,10.20%,0.72,67.30%,25.00%,17.30%,4.55%,"400,182"
Estonia,Europe,156,45227.0,42750.0,EE,EST,-0.0001,-0.0025,0.0002,30.9419,80.1394,233,1476983,1396877,1331535,1326062,1322765,1289441,1171695,23.10%,10.9,122.14,2.30%,1.59,51.30%,$1.14 ,"$31,386,949,981 ",97.20%,69.60%,2.1,78.2,9.0,$3.14 ,22.80%,4.48,63.60%,20.90%,47.80%,5.11%,"916,024"
Mauritius,Africa,157,2040.0,2030.0,MU,MUS,0.0,0.0008,0.0002,640.6685,1659.3313,480,954865,1215930,1283330,1299469,1300557,1305425,1226235,42.40%,10.2,129.91,0.40%,1.41,19.00%,$1.12 ,"$14,180,444,557 ",101.10%,40.60%,13.6,74.4,61.0,$0.38 ,50.70%,2.53,58.30%,19.10%,22.20%,6.67%,"515,980"
Cyprus,Asia,158,9251.0,9240.0,CY,CYP,0.0003,0.0069,0.0002,136.3786,353.2205,196,679327,948237,1129686,1251488,1260138,1311784,1391785,12.20%,10.46,102.51,0.30%,1.33,18.70%,$1.23 ,"$24,564,647,935 ",99.30%,75.90%,1.9,80.8,6.0,,43.90%,1.95,63.10%,24.50%,22.40%,7.27%,"800,708"
Eswatini,Africa,159,17364.0,17200.0,SZ,SWZ,0.0003,0.0076,0.0002,70.3966,182.3273,748,598564,1030496,1099920,1201670,1210822,1305985,1655121,,,,,,,,"$3,791,304,348 ",,,,,,,11.30%,,,28.60%,,,
Djibouti,Africa,160,23200.0,23180.0,DJ,DJI,0.0005,0.0139,0.0001,49.0274,126.981,262,324121,742033,919199,1120849,1136455,1247129,1502575,73.40%,21.47,120.25,3.30%,2.73,0.20%,$1.32 ,"$3,318,716,359 ",75.30%,5.30%,49.8,66.6,248.0,,20.40%,0.22,60.20%,,37.90%,10.30%,"758,549"
Fiji,Oceania,162,18272.0,18270.0,FJ,FJI,0.0002,0.0071,0.0001,51.2521,132.7428,242,644582,832509,905169,929766,936375,986172,1094174,23.30%,21.28,132.3,1.80%,2.77,55.90%,$0.82 ,"$5,535,548,972 ",106.40%,16.10%,21.6,67.3,34.0,$1.28 ,21.40%,0.84,57.60%,24.20%,32.10%,4.10%,"505,048"
Comoros,Africa,163,1862.0,1861.0,KM,COM,0.0005,0.0183,0.0001,457.8587,1185.854,174,328328,536758,656024,836774,852075,959412,1246207,71.50%,31.88,103.62,-4.30%,4.21,19.70%,,"$1,185,728,677 ",99.50%,9.00%,51.3,64.1,273.0,$0.71 ,74.80%,0.27,43.30%,,219.60%,4.34%,"248,152"
Guyana,South America,164,214969.0,196850.0,GY,GUY,0.0002,0.0063,0.0001,4.1343,10.7078,328,778176,759051,747932,808726,813834,848033,878746,8.60%,19.97,116.19,2.10%,2.46,83.90%,$0.90 ,"$4,280,443,645 ",97.80%,11.60%,25.1,69.8,169.0,$0.98 ,40.50%,0.8,56.20%,,30.60%,11.85%,"208,912"
Bhutan,Asia,165,38394.0,38140.0,BT,BTN,0.0002,0.0064,0.0001,20.6456,53.4722,64,415257,587207,705516,782455,787424,821498,874294,13.60%,17.26,167.18,2.70%,1.98,72.50%,$0.98 ,"$2,446,674,101 ",100.10%,15.60%,24.8,71.5,183.0,$0.32 ,19.80%,0.42,66.70%,16.00%,35.30%,2.34%,"317,538"
Solomon Islands,Oceania,166,28896.0,27990.0,SB,SLB,0.0005,0.0223,0.0001,26.4532,68.5137,90,233668,429978,540394,724273,740424,856264,1225407,3.90%,32.44,133.06,1.60%,4.4,77.90%,,"$1,425,074,226 ",106.20%,,17.1,72.8,104.0,$0.40 ,3.30%,0.19,83.80%,29.50%,32.00%,0.58%,"162,164"
Luxembourg,Europe,168,2586.0,2574.5,LU,LUX,0.0002,0.0111,0.0001,254.3282,658.7101,442,363741,435628,507070,647599,654768,697086,781910,53.70%,10.3,115.09,1.70%,1.37,35.70%,$1.19 ,"$71,104,919,108 ",102.30%,19.20%,1.9,82.1,5.0,$13.05 ,10.60%,3.01,59.30%,26.50%,20.40%,5.36%,"565,488"
Montenegro,Europe,169,13812.0,13450.0,ME,MNE,0.0,-0.001,0.0001,46.5788,120.6391,499,589324,633324,631044,627082,626485,621696,586385,19.00%,11.73,116.32,2.60%,1.75,61.50%,$1.16 ,"$5,494,736,901 ",100.00%,56.10%,2.3,76.8,6.0,$1.23 ,31.80%,2.76,54.40%,,22.20%,14.88%,"417,765"
Suriname,South America,170,163820.0,156000.0,SR,SUR,0.0002,0.0084,0.0001,3.9951,10.3473,740,375112,478998,546080,618040,623236,659508,725519,0.60%,18.54,294.66,22.00%,2.42,98.30%,$1.29 ,"$3,985,250,737 ",108.80%,12.60%,16.9,71.6,120.0,,10.10%,1.21,51.10%,19.50%,27.90%,7.33%,"384,258"
Cape Verde,Africa,171,4033.0,4033.0,CV,CPV,0.0002,0.0093,0.0001,148.4458,384.4747,132,317234,458251,521212,593149,598682,638840,727457,19.60%,19.49,110.5,1.10%,2.27,22.50%,$1.02 ,"$1,981,845,741 ",104.00%,23.60%,16.7,72.8,58.0,$0.68 ,23.20%,0.77,60.50%,20.10%,37.50%,12.25%,"364,029"
Malta,Europe,173,316.0,320.0,MT,MLT,0.0001,0.0033,0.0001,1672.075,4330.6743,470,333587,399212,418755,533286,535064,543425,522737,32.40%,9.2,113.45,1.60%,1.23,1.10%,$1.36 ,"$14,786,156,563 ",105.00%,54.30%,6.1,82.3,6.0,$5.07 ,37.10%,2.86,56.50%,26.20%,44.00%,3.47%,"475,902"
Maldives,Asia,174,300.0,300.0,MV,MDV,-0.0001,-0.0053,0.0001,1736.7367,4498.148,462,164887,282507,361575,523787,521021,512683,569909,26.30%,14.2,99.7,0.20%,1.87,3.30%,$1.63 ,"$5,729,248,472 ",97.10%,31.20%,7.4,78.6,53.0,,16.40%,4.56,69.80%,19.50%,30.20%,6.14%,"213,645"
Brunei,Asia,175,5765.0,5270.0,BN,BRN,0.0001,0.0078,0.0001,85.8679,222.3979,96,187921,333926,396053,449002,452524,473312,498373,2.70%,14.9,99.03,-0.40%,1.85,72.10%,$0.37 ,"$13,469,422,941 ",103.20%,31.40%,9.8,75.7,31.0,,6.00%,1.61,64.70%,,8.00%,9.12%,"337,711"
Bahamas,North America,176,13943.0,10010.0,BS,BHS,0.0001,0.0064,0.0001,41.2211,106.7626,44,223752,325014,373272,409984,412623,429846,450625,1.40%,13.97,116.22,2.50%,1.75,51.40%,$0.92 ,"$12,827,000,000 ",81.40%,15.10%,8.3,73.8,70.0,$5.25 ,27.80%,1.94,74.60%,14.80%,33.80%,10.36%,"323,784"
Belize,North America,177,22966.0,22810.0,BZ,BLZ,0.0002,0.0137,0.0001,18.0107,46.6478,84,145133,240406,322106,405272,410825,450428,538838,7.00%,20.79,105.68,-0.90%,2.31,59.70%,$1.13 ,"$1,879,613,600 ",111.70%,24.70%,11.2,74.5,36.0,$1.65 ,22.70%,1.12,65.10%,26.30%,31.10%,6.41%,"179,039"
Iceland,Europe,179,103000.0,100830.0,IS,ISL,0.0001,0.0065,0.0,3.7223,9.6407,352,228263,281462,318333,372899,375318,390338,408783,18.70%,12.0,129,3.00%,1.71,0.50%,$1.69 ,"$24,188,035,739 ",100.40%,71.80%,1.5,82.7,4.0,,17.00%,4.08,75.00%,23.30%,31.90%,2.84%,"339,110"
Vanuatu,Oceania,182,12189.0,12190.0,VU,VUT,0.0002,0.0238,0.0,27.441,71.0722,548,118156,192074,245453,326740,334506,391135,578567,15.30%,29.6,117.13,2.80%,3.78,36.10%,$1.31 ,"$917,058,851 ",109.30%,4.70%,22.3,70.3,72.0,$1.56 ,8.90%,0.17,69.90%,17.80%,8.50%,4.39%,"76,152"
Barbados,North America,186,430.0,430.0,BB,BRB,0.0,0.0013,0.0,655.8023,1698.528,52,253575,264657,274711,281635,281995,283082,267788,23.30%,10.65,134.09,4.10%,1.62,14.70%,$1.81 ,"$5,209,000,000 ",99.40%,65.40%,11.3,79.1,27.0,$3.13 ,45.20%,2.48,65.20%,27.50%,35.60%,10.33%,"89,431"
Sao Tome and Principe,Africa,187,964.0,960.0,ST,STP,0.0001,0.0197,0.0,241.5167,625.5282,678,97210,143714,182138,227380,231856,265036,366663,50.70%,31.54,185.09,7.90%,4.32,55.80%,,"$429,016,605 ",106.80%,13.40%,24.4,70.2,130.0,,11.70%,0.05,57.80%,14.60%,37.00%,13.37%,"158,277"
Samoa,Oceania,188,2842.0,2780.0,WS,WSM,0.0001,0.0148,0.0,81.1802,210.2568,882,164905,184008,194672,222382,225681,248627,320016,12.40%,24.38,117.56,1.00%,3.88,60.40%,$0.91 ,"$850,655,017 ",110.50%,7.60%,13.6,73.2,43.0,$0.78 ,11.50%,0.34,43.70%,25.50%,19.30%,8.36%,"35,588"
Saint Lucia,North America,190,616.0,610.0,LC,LCA,0.0,0.0022,0.0,295.4934,765.328,662,121633,159500,170935,179857,180251,183274,177856,17.40%,12.0,110.13,1.90%,1.44,33.20%,$1.30 ,"$2,122,450,630 ",102.60%,14.10%,14.9,76.1,117.0,,48.40%,0.64,67.10%,18.20%,34.70%,20.71%,"34,280"
Kiribati,Oceania,192,811.0,810.0,KI,KIR,0.0001,0.0174,0.0,164.8333,426.9183,296,60813,88826,107995,131232,133515,148720,188570,42.00%,27.89,99.55,0.60%,3.57,15.00%,,"$194,647,202 ",101.30%,,41.2,68.1,92.0,,0.20%,0.2,,22.00%,32.70%,,"64,489"
Grenada,North America,193,344.0,340.0,GD,GRD,0.0,0.0059,0.0,371.1265,961.2176,308,94838,107432,114039,125438,126183,130367,136253,23.50%,16.47,107.43,0.80%,2.06,50.00%,$1.12 ,"$1,228,170,370 ",106.90%,104.60%,13.7,72.4,25.0,,57.00%,1.41,,19.40%,47.80%,,"40,765"
Micronesia,Oceania,194,702.0,700.0,FM,FSM,0.0,0.0093,0.0,164.6057,426.3288,583,76299,111709,107588,114164,115224,122704,135457,31.40%,22.82,112.1,0.50%,3.05,91.90%,,"$401,932,279 ",97.20%,14.10%,25.6,67.8,88.0,,2.50%,0.18,,25.20%,60.50%,,"25,963"
Tonga,Oceania,196,747.0,720.0,TO,TON,0.0,0.0086,0.0,149.6847,387.6834,776,96708,102603,107383,106858,107773,114124,131225,45.80%,24.3,121.09,7.40%,3.56,12.50%,,"$450,353,314 ",116.30%,6.40%,13.4,70.8,52.0,,10.20%,0.52,59.80%,22.30%,27.50%,1.12%,"24,145"
Seychelles,Africa,197,452.0,460.0,SC,SYC,0.0,0.0051,0.0,234.0435,606.1726,690,65290,80060,92409,107118,107660,111317,116644,3.40%,17.1,129.96,1.80%,2.41,88.40%,,"$1,698,843,063 ",100.40%,17.10%,12.4,72.8,53.0,$2.00 ,2.50%,0.95,,34.10%,30.10%,,"55,762"
Saint Vincent and the Grenadines,North America,199,389.0,390.0,VC,VCT,0.0,-0.0024,0.0,265.8923,688.6611,670,107480,113813,109308,103948,103698,104322,101691,25.60%,14.24,109.67,2.30%,1.89,69.20%,,"$825,385,185 ",113.40%,23.70%,14.8,72.4,68.0,$1.16 ,21.40%,0.66,65.90%,25.40%,37.00%,18.88%,"58,185"
Antigua and Barbuda,North America,201,442.0,440.0,AG,ATG,0.0,0.0057,0.0,214.3136,555.0723,28,64889,75055,85695,93763,94298,97510,99030,20.50%,15.33,113.81,1.20%,1.99,22.30%,$0.99 ,"$1,727,759,259 ",105.00%,24.80%,5.0,76.9,42.0,$3.04 ,24.30%,2.76,,16.50%,43.00%,,"23,800"
Andorra,Europe,203,468.0,470.0,AD,AND,0.0,0.0033,0.0,170.4,441.336,20,35611,66097,71519,79824,80088,81528,80504,40.00%,7.2,,,1.27,34.00%,$1.51 ,"$3,154,057,987 ",106.40%,,2.7,,,$6.63 ,36.40%,3.33,,,,,"67,873"
Dominica,North America,204,751.0,750.0,DM,DMA,0.0,0.0042,0.0,97.3867,252.2315,212,72978,68346,68755,72737,73040,74988,74167,33.30%,12.0,103.87,1.00%,1.9,57.40%,,"$596,033,333 ",114.70%,7.20%,32.9,76.6,,$1.48 ,28.40%,1.08,,22.10%,32.60%,,"50,830"
Saint Kitts and Nevis,North America,211,261.0,260.0,KN,KNA,0.0,0.0021,0.0,183.6731,475.7133,659,43097,45461,47403,47657,47755,48247,46882,23.10%,12.6,104.57,-1.00%,2.11,42.30%,,"$1,050,992,593 ",108.70%,86.70%,9.8,71.3,,$3.33 ,56.60%,2.52,,18.50%,49.70%,,"16,269"
Marshall Islands,Oceania,215,181.0,180.0,MH,MHL,0.0,0.0103,0.0,233.3111,604.2758,584,31988,54224,53416,41569,41996,44733,51211,63.90%,29.03,,,4.05,70.20%,$1.44 ,"$221,278,000 ",84.70%,23.70%,27.4,65.2,,$2.00 ,10.00%,0.42,,17.80%,65.90%,,"45,514"
Liechtenstein,Europe,216,160.0,160.0,LI,LIE,0.0,0.0065,0.0,247.4,640.766,438,25003,33026,35926,39327,39584,41030,42287,32.20%,9.9,,,1.44,43.10%,$1.74 ,"$6,552,858,739 ",104.70%,35.60%,,83.0,,,,,,,21.60%,,"5,464"
Monaco,Europe,217,2.02,2.0,MC,MCO,0.0,-0.0047,0.0,18148.5,47004.615,492,27076,32465,33178,36469,36297,35862,37664,,5.9,,,,,$2.00 ,"$7,184,844,193 ",,,2.6,,,$11.72 ,6.10%,6.56,,,,,"38,964"
San Marino,Europe,218,61.0,60.0,SM,SMR,,-0.0005,0.0,560.7,1452.213,674,21346,26823,31608,33660,33642,33458,32044,16.70%,6.8,110.63,1.00%,1.26,0.00%,,"$1,637,931,034 ",108.10%,42.50%,1.7,85.4,,,18.30%,6.11,,18.10%,36.20%,,"32,969"
Palau,Oceania,222,459.0,460.0,PW,PLW,,0.0002,0.0,39.2565,101.6744,585,12252,19726,18540,18055,18058,17919,16689,10.90%,14.0,118.17,1.30%,2.21,87.60%,,"$283,994,900 ",112.60%,54.70%,16.6,69.1,,$3.00 ,21.80%,1.18,,21.30%,76.60%,,"14,491"
Nauru,Oceania,225,21.0,20.0,NR,NRU,0.0,0.0088,0.0,639.0,1655.01,520,7635,10377,10241,12668,12780,13358,14695,,,,,,,,"$133,000,000 ",,,,,,,,,,,,,
Tuvalu,Oceania,227,26.0,30.0,TV,TUV,0.0,0.0074,0.0,379.8667,983.8547,798,7731,9638,10550,11312,11396,11917,13211,60.00%,,,,,33.30%,,"$47,271,463 ",86.00%,,20.6,,,,0.70%,0.92,,,,,"7,362"
Vatican City,Europe,234,0.44,0.44,VA,VAT,,0.0157,,1177.2727,3049.1364,336,733,651,596,510,518,561,731,,,,,,,,,,,,,,,,,,,,,
